chroma_major_strength,chroma_minor_strength,mfcc_1,mfcc_2,mfcc_3,spectral_centroid,rms,zcr,mfcc_4,mfcc_5,mfcc_6,mfcc_7,mfcc_8,spectral_flux,rms_variance,tempo_proxy,mood,timestamp,source
0.251647,0.246963,22.081271,11.320741,1.565792,13.528013,0.020789,13.2,-3.595621,-4.908636,-4.569653,-3.872331,-3.148476,0.041732,7.634e-05,1.0,Sad,2026-04-19T13:58:52.886028,real
0.253987,0.247839,12.724257,10.247971,9.801963,7.869207,0.022618,5.733333,9.694822,8.889262,7.850722,6.952762,5.624725,0.036813,0.00019577,0.0,Angry,2026-04-19T13:59:31.147677,real
0.254835,0.261196,20.23714,-2.278281,-8.335884,26.104443,0.027479,33.333333,-8.073455,-5.944791,-2.463211,-1.309925,-0.902109,0.063109,0.00021008,4.0,Happy,2026-04-19T14:00:01.279094,real
0.253729,0.25408,29.931553,-9.499905,11.737252,26.029622,0.096474,35.333333,12.435517,9.623983,7.591919,5.798726,1.701562,0.376028,0.00918388,3.0,Energetic,2026-04-19T14:00:44.356950,real
0.247087,0.243413,17.59148,-1.194163,-6.171807,31.120232,0.023351,42.8,-7.157136,-3.930685,-1.957407,-1.915299,-1.413705,0.096501,0.00017887,2.0,Angry,2026-04-19T14:02:53.570004,real
0.257175,0.253325,26.227621,-8.002068,-5.169819,30.815197,0.044501,40.4,-0.154692,-0.666651,0.500431,-0.072391,-2.143671,0.175028,0.00093272,1.0,Angry,2026-04-19T14:13:07.043409,real
0.245321,0.247113,15.575062,1.240392,3.672397,33.587917,0.024927,43.333333,3.263627,5.861432,6.260439,1.813205,1.771473,0.08342,0.00019306,1.0,Angry,2026-04-19T14:13:39.197005,real
0.253299,0.249329,23.533469,-1.982766,9.361341,32.752597,0.053547,45.066667,7.27997,7.294509,3.087847,3.570451,2.426533,0.205724,0.00278101,0.0,Angry,2026-04-19T14:13:58.128640,real
0.253688,0.250037,13.845689,4.106857,7.768193,46.179462,0.024412,77.2,6.304506,5.176725,2.584837,3.202365,3.361875,0.084552,0.00061946,0.0,Angry,2026-04-19T14:14:20.543116,real
0.241419,0.236925,17.733322,-2.891599,2.23571,32.526618,0.025484,42.666667,2.17892,-0.674926,1.630825,4.890036,4.771299,0.122801,0.00062349,2.0,Angry,2026-04-19T14:14:44.560131,real
0.260514,0.258885,24.021149,-10.194056,-17.240351,20.843223,0.040443,32.4,-4.761152,0.395175,-4.402059,-4.797855,1.230775,0.110149,0.0012262,0.0,Energetic,2026-04-19T14:15:13.634769,real
0.250783,0.251103,31.511541,-2.366015,3.690749,31.130986,0.054574,44.0,-0.082125,1.913337,0.852819,-3.097294,-1.200577,0.216158,0.00080153,4.0,Energetic,2026-04-19T14:15:32.690725,real
0.245368,0.244826,12.776363,-1.021257,1.736821,25.586644,0.019417,40.4,6.054465,4.589408,3.419412,3.093366,1.618975,0.067491,0.00020206,1.0,Energetic,2026-04-19T14:15:54.976304,real
0.24847,0.262225,29.249795,-0.70728,13.364026,29.038426,0.076134,30.533333,-1.225681,5.274367,-2.215921,0.051636,0.031209,0.326475,0.00400476,3.0,Energetic,2026-04-19T14:16:17.544242,real
0.253468,0.253694,10.052006,-2.542875,0.628954,36.610745,0.018286,55.2,-1.36638,1.309468,-0.303088,-1.632126,0.683023,0.093575,7.137e-05,2.0,Energetic,2026-04-19T14:16:48.933358,real
0.251323,0.214263,26.212443,1.927586,10.969223,45.450443,0.058851,73.333333,5.581775,5.911716,0.897499,2.391173,0.890409,0.247747,0.00227319,4.0,Energetic,2026-04-19T14:17:18.973215,real
0.257164,0.256251,40.144047,-0.716943,4.224101,24.749821,0.084092,29.333333,2.583732,2.022707,-0.837851,1.898617,0.732433,0.333613,0.0042852,0.0,Energetic,2026-04-19T14:17:33.325029,real
0.248833,0.247264,17.654099,1.111492,4.903307,26.273069,0.027145,30.8,1.469562,3.067225,4.499645,3.002687,2.894861,0.121431,0.00048511,1.0,Energetic,2026-04-19T14:17:58.810809,real
0.2375,0.231795,30.880374,-2.877151,5.404583,24.047399,0.049345,32.4,4.507359,1.573903,2.694873,0.856725,-0.611445,0.206734,0.00065018,1.0,Energetic,2026-04-19T14:18:24.897463,real
0.247859,0.23403,19.842006,-1.203632,2.878878,28.484416,0.03127,41.733333,3.997853,2.262577,1.258314,-0.401747,-0.920253,0.101359,0.00014379,1.0,Energetic,2026-04-19T14:18:32.522825,real
0.250265,0.244772,17.232036,7.413983,14.225227,31.537493,0.031026,37.466667,6.716691,3.05795,2.346653,0.745714,-0.579347,0.111701,0.000284,2.0,Energetic,2026-04-19T14:19:02.753500,real
0.255533,0.249497,17.801916,4.792079,12.659958,25.902205,0.040756,36.4,8.299705,5.321045,4.644855,4.375769,4.710871,0.10754,0.00076966,0.0,Energetic,2026-04-19T14:19:21.405833,real
0.262013,0.252603,20.227817,-4.628618,7.180165,24.187235,0.04298,33.733333,0.937978,0.876393,0.213907,-0.095056,0.376944,0.216631,0.00131368,4.0,Energetic,2026-04-19T14:19:47.400796,real
0.255355,0.252489,17.987924,6.185436,18.504628,38.729081,0.046659,54.4,2.097772,4.852566,2.877675,-0.397745,-0.73831,0.230998,0.00127667,2.0,Happy,2026-04-19T14:20:20.836854,real
0.245144,0.246997,12.415009,4.644477,4.162718,31.335982,0.015359,37.066667,1.650964,2.218589,2.202192,1.061893,1.516721,0.05891,9.463e-05,1.0,Happy,2026-04-19T14:20:47.323215,real
0.245531,0.24359,6.610973,-1.583288,-0.557127,33.137647,0.011316,54.533333,-1.921703,0.608548,2.565549,1.949036,2.301518,0.050567,3.445e-05,1.0,Happy,2026-04-19T14:21:00.965622,real
0.254827,0.244483,31.749266,4.314758,5.089955,22.362541,0.049802,31.2,3.906095,1.450416,-0.467259,-2.822106,-0.988454,0.147759,0.00122522,2.0,Happy,2026-04-19T14:21:21.100863,real
0.250347,0.241437,15.07644,-3.250581,5.886077,34.98609,0.02951,46.533333,-1.438519,-1.303731,-1.844095,0.351555,1.409664,0.144791,0.00070266,2.0,Happy,2026-04-19T14:21:49.916572,real
0.246986,0.252321,27.499088,-1.360833,3.68252,25.540853,0.044372,34.0,1.505503,1.8501,4.553635,5.5065,6.153881,0.175478,0.00094661,1.0,Happy,2026-04-19T14:22:32.538201,real
0.255908,0.251265,16.38468,2.363631,6.753058,35.785067,0.040687,54.533333,-1.238459,1.780541,1.065274,-0.881014,3.077662,0.139561,0.00106139,1.0,Happy,2026-04-19T14:22:52.476178,real
0.240993,0.245039,9.47863,1.931493,2.405763,40.335179,0.015707,47.466667,1.074336,2.920117,1.111049,0.131241,1.275026,0.077082,0.00017866,1.0,Happy,2026-04-19T14:23:10.545198,real
0.247991,0.250436,25.445035,12.533145,3.69929,14.400487,0.033213,17.066667,-1.94314,-4.740138,-5.735187,-6.555658,-6.292079,0.066724,0.00031704,1.0,Sad,2026-04-19T14:23:39.791562,real
0.250852,0.248107,30.732877,8.954257,-1.882149,14.596451,0.050111,12.666667,-3.866552,-5.544385,-6.829638,-5.904847,-5.426359,0.101983,0.00241019,3.0,Sad,2026-04-19T14:24:01.348380,real
0.260737,0.258599,31.745231,12.697995,0.595456,12.704567,0.052367,13.866667,-4.311799,-7.250159,-8.035153,-5.306551,-2.394883,0.084029,0.00224339,3.0,Sad,2026-04-19T14:24:10.074896,real
0.241662,0.246119,34.758629,5.610025,-3.320842,18.506867,0.053549,26.933333,-9.343383,-8.077922,-5.215194,-4.679149,-4.123812,0.140057,0.00161249,2.0,Sad,2026-04-19T14:24:31.669522,real
0.253647,0.256719,27.76535,4.78276,0.323535,19.872386,0.038137,23.6,1.983713,-0.010466,-4.408153,-5.831603,-3.616157,0.093046,0.0007339,3.0,Sad,2026-04-19T14:25:04.758877,real
0.251123,0.252693,18.555233,7.494413,5.403809,21.813,0.025238,22.933333,4.118269,2.045347,-1.919839,-3.852714,-1.943451,0.068672,0.00056023,1.0,Sad,2026-04-19T14:25:24.221978,real
0.255063,0.260988,50.243769,5.292,-4.269271,17.487156,0.113392,22.0,-1.817315,2.139976,2.919924,1.019197,-0.813666,0.317323,0.00497081,0.0,Sad,2026-04-19T14:25:53.156833,real
0.245946,0.247693,25.059459,13.779003,6.903406,19.956348,0.035825,22.0,0.363325,-2.613008,-3.993179,-2.807477,-1.301963,0.083484,0.00170904,3.0,Sad,2026-04-19T14:26:14.835906,real
0.263359,0.249024,33.979233,9.004739,11.758577,27.04662,0.056686,26.133333,-0.546167,-2.212696,2.549686,-1.363298,0.06199,0.193609,0.00106883,3.0,Energetic,2026-04-19T14:26:49.685630,real
0.248309,0.24726,19.08923,-0.369409,0.793037,27.556448,0.034607,36.8,-7.085039,-4.485779,1.967653,2.672628,1.415737,0.12813,0.00030412,4.0,Energetic,2026-04-19T14:27:35.425470,real
0.241782,0.244428,23.170557,6.814821,5.858045,29.817408,0.03702,31.733333,0.700037,4.232235,3.053113,1.92118,1.236282,0.149921,0.00042588,2.0,Energetic,2026-04-19T14:28:03.075791,real
0.247187,0.247636,27.798725,6.920059,8.635608,29.687613,0.043235,35.2,3.855034,1.806507,-1.785235,-1.456208,1.520189,0.150205,0.0006364,0.0,Energetic,2026-04-19T14:29:09.802757,real
0.257969,0.251746,26.654933,12.554489,9.667619,13.838661,0.053906,12.666667,9.144748,8.901431,6.55999,4.029729,3.032053,0.112989,0.00194234,0.0,Energetic,2026-04-19T14:29:35.470910,real
0.252038,0.248568,28.01185,3.579811,9.223331,22.403695,0.09187,33.866667,2.392701,4.786824,0.002677,-2.800745,0.731707,0.28931,0.01065784,2.0,Energetic,2026-04-19T14:30:05.956448,real
0.261276,0.252964,30.363167,14.937856,14.174583,19.241705,0.062636,14.133333,5.022968,3.720569,2.200569,1.528181,6.859536,0.153306,0.00191096,1.0,Energetic,2026-04-19T14:30:26.767237,real
0.244602,0.247586,31.054185,-0.753372,-1.580839,22.440506,0.05956,28.933333,7.788208,9.476029,5.758611,3.13506,2.946057,0.15462,0.00291469,2.0,Happy,2026-04-19T14:31:14.467444,real
0.244584,0.243913,41.228727,1.978039,6.840221,28.565355,0.076149,37.733333,4.412849,6.590153,2.696489,1.993181,7.071653,0.284695,0.00142222,1.0,Happy,2026-04-19T14:31:43.300410,real
0.243343,0.23904,29.414571,2.942545,5.324067,24.878557,0.055192,30.533333,4.889118,5.86391,1.407201,-2.609293,-0.659754,0.185526,0.00228703,4.0,Happy,2026-04-19T14:32:08.522289,real
0.243167,0.245895,26.877168,8.868785,7.217874,28.575084,0.048014,33.866667,-1.248895,0.199375,-1.357693,-1.2544,1.224468,0.140958,0.00163215,4.0,Happy,2026-04-19T14:32:34.471120,real
0.256729,0.250371,42.585528,8.606569,3.863603,23.793599,0.068693,31.466667,2.457855,1.262929,1.600292,0.48574,0.644846,0.19941,0.00168388,0.0,Happy,2026-04-19T14:33:26.901103,real
0.245447,0.246699,31.422799,5.458824,6.969486,24.604161,0.061942,27.066667,-1.448802,-0.181062,2.089963,2.095932,1.094161,0.278686,0.00165119,2.0,Happy,2026-04-19T14:34:36.993833,real
0.25686,0.251981,18.570639,4.817436,0.180703,25.299559,0.023084,30.133333,-1.187192,-0.505169,1.391879,2.083306,1.989929,0.06403,0.00050733,2.0,Happy,2026-04-19T14:35:02.331223,real
0.255094,0.255711,19.241878,3.764506,2.019454,24.538633,0.024796,33.733333,-0.175554,-1.122521,0.504913,0.496671,0.183749,0.095835,0.0004189,1.0,Happy,2026-04-19T14:35:24.745541,real
0.247164,0.238632,31.862128,6.421849,-0.805948,16.458954,0.060434,21.333333,3.083265,6.309067,4.123647,0.180646,-0.518036,0.151998,0.00345131,3.0,Happy,2026-04-19T14:35:48.932012,real
0.26506,0.262765,18.296993,2.357919,6.076455,29.685994,0.033899,39.733333,0.036967,-2.855021,-0.707777,1.739047,3.476031,0.13548,0.00082366,1.0,Happy,2026-04-19T14:36:14.161787,real
0.236455,0.242725,31.426396,8.215009,3.748505,18.629533,0.061668,19.733333,3.437433,6.772177,7.826083,7.929853,5.833008,0.154508,0.00187327,1.0,Happy,2026-04-19T14:36:48.700029,real
0.252456,0.24974,49.555917,6.818929,0.944913,18.183377,0.102197,19.6,-0.746739,4.434542,8.470177,7.099571,5.466207,0.390685,0.00402192,2.0,Happy,2026-04-19T14:37:07.725040,real
0.241932,0.245751,29.578804,5.855739,-3.533757,11.568735,0.043536,14.4,-3.237065,-1.772409,-2.215283,-4.245547,-3.15978,0.091063,0.00207303,3.0,Sad,2026-04-19T14:37:53.594209,real
0.246055,0.250989,28.002686,14.439656,2.631439,14.846431,0.061846,19.466667,-4.926482,-7.511757,-7.446888,-6.605943,-6.172044,0.080651,0.00553839,2.0,Sad,2026-04-19T14:38:28.128841,real
0.273683,0.241525,31.487117,15.000447,7.489784,18.776578,0.051793,20.8,0.856305,0.585391,-0.488631,-1.039947,-1.760361,0.139409,0.00153767,2.0,Sad,2026-04-19T14:39:23.932268,real
0.246613,0.245005,29.664009,12.963214,9.478143,18.146871,0.044539,21.466667,5.279512,1.183157,-0.480831,-1.462216,-2.66892,0.166017,0.00130378,2.0,Sad,2026-04-19T14:39:49.116750,real
0.245142,0.252647,18.893093,10.544687,5.981895,11.203022,0.02658,13.6,4.148337,2.641094,1.383927,0.237573,-0.689763,0.033591,0.00068353,1.0,Sad,2026-04-19T14:40:32.878345,real
0.247196,0.245405,33.293609,15.642191,8.908712,15.545653,0.081815,19.6,-0.489969,0.389469,-0.761067,-6.794295,-5.129277,0.114327,0.01093701,4.0,Sad,2026-04-19T14:41:10.574608,real
0.250685,0.250442,25.745457,14.000454,9.753025,13.918537,0.039212,14.666667,2.783479,2.635115,0.343681,-3.828869,-2.815141,0.061652,0.00084409,2.0,Sad,2026-04-19T14:41:24.022309,real
0.250275,0.250153,27.566727,15.919307,11.462685,22.182906,0.047852,25.2,-3.178837,-5.429977,-9.456412,-9.704647,-7.503637,0.133985,0.0010584,3.0,Sad,2026-04-19T14:41:52.977131,real
0.249028,0.245712,12.187325,8.411842,5.007071,15.113785,0.016803,20.933333,1.04981,-0.352285,-2.402626,-1.992514,-1.674404,0.028219,0.0003497,4.0,Sad,2026-04-19T14:42:06.396223,real
0.254293,0.248103,7.589399,6.176528,5.075911,10.241417,0.009984,10.533333,4.138742,3.161857,2.295083,1.628601,1.106733,0.017103,7.438e-05,0.0,Sad,2026-04-19T14:42:17.633416,real
0.25187,0.252653,31.056666,15.453891,9.144014,19.03939,0.044036,22.0,-0.072067,-1.242884,-3.837437,-3.696829,1.224838,0.098366,0.00110937,1.0,Sad,2026-04-19T14:42:36.652307,real
0.251378,0.247657,40.509037,19.925854,7.543866,11.257279,0.058795,12.4,-0.403187,-4.730574,-8.550505,-9.308281,-5.9352,0.125347,0.00069771,1.0,Sad,2026-04-19T14:42:57.704619,real
0.263767,0.267827,50.107933,-4.901898,0.158037,24.220259,0.092926,33.2,0.884015,2.898918,-2.938053,1.585193,2.634775,0.430842,0.00355358,4.0,Angry,2026-04-19T14:43:46.362190,real
0.252357,0.252291,23.476385,5.092524,6.101592,32.995159,0.043865,40.266667,-1.986451,1.253066,2.051037,2.352689,3.936441,0.175465,0.00109387,1.0,Angry,2026-04-19T14:44:38.727635,real
0.229696,0.237933,17.215462,-4.025021,2.96404,31.426522,0.041426,46.133333,-0.100149,5.791905,3.010131,-1.89866,-0.578855,0.176052,0.00165386,1.0,Angry,2026-04-19T14:44:58.189390,real
0.248363,0.251542,28.061225,-1.777029,3.022615,27.970215,0.044592,36.666667,4.997579,8.118863,1.945423,-2.446955,-0.451741,0.190256,0.00064033,1.0,Angry,2026-04-19T14:45:15.778371,real
0.246265,0.251403,17.395765,8.901419,5.625721,22.8927,0.021988,22.4,-0.479358,-1.584492,-3.345744,-3.262551,-2.657044,0.072726,0.00027222,1.0,Angry,2026-04-19T14:46:03.241882,real
0.249201,0.249453,21.32703,0.131838,5.264392,35.651069,0.043601,41.733333,-3.875228,-2.919211,-4.871897,-5.688319,0.605956,0.182553,0.00082044,3.0,Angry,2026-04-19T14:46:32.150694,real
0.244575,0.247979,22.217515,7.204645,4.186821,20.957445,0.036058,19.733333,-1.872014,0.056742,3.436361,2.467197,3.594757,0.135221,0.00065251,3.0,Angry,2026-04-19T14:47:12.437249,real
0.248574,0.2537,33.246613,0.299263,9.829419,23.757286,0.072367,31.6,1.588685,3.971591,-2.886624,-3.836165,3.288786,0.265161,0.00281671,0.0,Angry,2026-04-19T14:48:04.809031,real
0.243016,0.241359,22.845079,8.493154,14.343871,36.224046,0.057369,41.466667,0.650699,4.428581,2.381479,-1.638655,0.339241,0.202443,0.00123879,3.0,Angry,2026-04-19T14:48:27.598206,real
0.251292,0.247816,37.500079,15.762891,14.088779,20.74835,0.074514,20.0,2.881231,3.399957,-0.646445,-1.844295,0.848625,0.219425,0.00244066,1.0,Angry,2026-04-19T14:50:19.469462,real
0.260942,0.259403,32.533307,6.150362,-5.075197,20.618825,0.041284,23.466667,-11.339655,-10.669278,-6.356535,-0.507904,4.682123,0.107901,0.00036162,2.0,Angry,2026-04-19T14:50:40.052284,real
0.252504,0.250034,20.546133,4.37953,3.553005,23.321099,0.02819,23.866667,1.446998,0.663308,0.143952,0.719538,2.535223,0.103816,0.00036894,0.0,Angry,2026-04-19T14:51:04.439016,real
0.25637,0.260779,30.406839,-8.712675,-0.778638,30.906502,0.054158,43.2,-2.525287,-8.355198,-5.598245,-3.035133,-0.666481,0.193644,0.0007808,2.0,Angry,2026-04-19T14:51:31.269203,real
0.244348,0.253098,30.273975,9.28116,7.030334,21.254811,0.051443,26.0,1.772249,3.911079,-0.209746,-4.703863,-0.810981,0.186963,0.00243883,1.0,Angry,2026-04-19T14:52:05.940895,real
0.245656,0.248093,25.701622,4.422826,12.452679,28.048399,0.054422,36.4,-1.54288,-1.873023,-0.97977,-7.647448,-2.669905,0.19395,0.00114613,3.0,Angry,2026-04-19T14:52:43.201983,real
0.254347,0.262221,21.119337,3.999252,2.194597,37.489015,0.036803,40.266667,-4.674148,-0.458336,-4.34059,-6.629896,-4.508216,0.139089,0.0012916,2.0,Happy,2026-04-19T15:31:04.059803,real
0.250271,0.260471,10.462605,5.413138,3.746957,41.469145,0.015268,55.333333,0.079966,1.476599,-1.321304,-1.294989,-0.667607,0.058608,8.621e-05,1.0,Happy,2026-04-19T15:31:12.182178,real
0.263688,0.25753,13.992334,3.181529,-1.817198,25.453685,0.020073,34.266667,-4.192881,-3.333135,-3.301927,-2.187096,-0.35484,0.0706,0.00036207,3.0,Happy,2026-04-19T15:31:19.276531,real
0.260561,0.266836,14.714991,4.238248,0.745466,34.887314,0.018008,48.666667,-4.099139,-2.270398,-3.401757,-2.558256,-0.941478,0.078143,0.00010153,3.0,Happy,2026-04-19T15:31:25.820462,real
0.256883,0.259274,18.018443,6.255406,3.429539,36.105716,0.022484,43.2,-2.625186,-1.75312,-3.264929,-2.907885,-1.787821,0.082384,0.00017082,2.0,Happy,2026-04-19T15:31:31.760147,real
0.258746,0.268945,12.157003,4.315301,3.154322,38.732206,0.015533,45.333333,1.134906,1.356703,-2.826345,-4.009151,-3.679263,0.05734,8.6e-05,2.0,Happy,2026-04-19T15:31:37.624254,real
0.255052,0.262487,15.325023,1.966374,-0.537717,38.097951,0.023152,40.933333,-1.83766,0.087399,-3.896183,-6.705443,-6.647043,0.066204,0.00027683,1.0,Happy,2026-04-19T15:31:43.464242,real
0.260731,0.265062,8.980699,5.170494,4.147643,43.027341,0.012623,48.666667,0.49627,0.998597,-2.065437,-2.9619,-2.510853,0.047695,7.724e-05,1.0,Happy,2026-04-19T15:31:50.080575,real
0.260241,0.262062,16.22774,4.743236,0.932329,37.298316,0.020147,44.933333,-3.172833,-2.046095,-4.253096,-3.755777,-2.603176,0.082718,0.00012753,2.0,Happy,2026-04-19T15:31:56.371191,real
0.261731,0.269376,12.642691,5.218887,3.568247,37.982134,0.019308,48.266667,0.241706,-0.708583,-4.361414,-6.178513,-5.294508,0.053351,0.00024089,2.0,Happy,2026-04-19T15:32:02.661552,real
